--Singer
INSERT INTO Singer
VALUES (1, 'Den');

INSERT INTO Singer
VALUES (2, 'Ben');

INSERT INTO Singer
VALUES (3, 'Ken');

INSERT INTO Singer
VALUES (4, 'Tim');

INSERT INTO Singer
VALUES (5, 'Tom');

INSERT INTO Singer
VALUES (6, 'Stive JD');

INSERT INTO Singer
VALUES (7, 'Stan Smith');

INSERT INTO Singer
VALUES (8, 'Pit');




--Genre
INSERT INTO Genre
VALUES (1, 'Rap');

INSERT INTO Genre
VALUES (2, 'Hip-Hop');

INSERT INTO Genre
VALUES (3, 'Rock');

INSERT INTO Genre
VALUES (4, 'Metal');

INSERT INTO Genre
VALUES (5, 'Jazz');




--Album
INSERT INTO Album 
VALUES (1, '4rlife', 2005);

INSERT INTO Album
VALUES (2, 'My game', 2006);

INSERT INTO Album
VALUES (3, 'LV kiss', 2014);

INSERT INTO Album
VALUES (4, 'Big city', 2020);

INSERT INTO Album 
VALUES (5, 'Salam', 2018);

INSERT INTO Album
VALUES (6, 'Brother', 2022);

INSERT INTO Album
VALUES (7, 'Jony', 2005);

INSERT INTO Album
VALUES (8, 'Legend', 2018);




--Track
INSERT INTO Track (album_id, title, duration)
VALUES (1, '4r sun', 2);

INSERT INTO Track (album_id, title, duration)
VALUES (1, '4r moon', 2);

INSERT INTO Track (album_id, title, duration)
VALUES (2, 'China', 3);

INSERT INTO Track (album_id, title, duration)
VALUES (2, 'Mama', 3);

INSERT INTO Track (album_id, title, duration)
VALUES (3, 'Pronto', 1);

INSERT INTO Track (album_id, title, duration)
VALUES (3, 'Jelousy', 3);

INSERT INTO Track (album_id, title, duration)
VALUES (4, 'My beauty', 2);

INSERT INTO Track (album_id, title, duration)
VALUES (4, 'In the dark', 4);

INSERT INTO Track (album_id, title, duration)
VALUES (5, 'Santa', 2);

INSERT INTO Track (album_id, title, duration)
VALUES (5, 'Wok', 1);

INSERT INTO Track (album_id, title, duration)
VALUES (6, 'Scum', 4);

INSERT INTO Track (album_id, title, duration)
VALUES (6, 'London', 2);

INSERT INTO Track (album_id, title, duration)
VALUES (7, 'мой друг', 1);

INSERT INTO Track (album_id, title, duration)
VALUES (7, 'Мой день', 2);

INSERT INTO Track (album_id, title, duration)
VALUES (8, 'Juciy', 1);

INSERT INTO Track (album_id, title, duration)
VALUES (8, 'Ski', 1);





--Collection
INSERT INTO Collection
VALUES (1, 'Col1', 2018);

INSERT INTO Collection
VALUES (2, 'Col2', 2006);

INSERT INTO Collection
VALUES (3, 'Col3', 2014);

INSERT INTO Collection
VALUES (4, 'Col4', 2020);

INSERT INTO Collection
VALUES (5, 'Col5', 2017);

INSERT INTO Collection
VALUES (6, 'Col6', 2022);

INSERT INTO Collection
VALUES (7, 'Col7', 2005);

INSERT INTO Collection
VALUES (8, 'Col8', 2019);




--TrackCollection
INSERT INTO TrackCollection (track_id, collection_id)
VALUES (1, 1);

INSERT INTO TrackCollection (track_id, collection_id)
VALUES (1, 2);

INSERT INTO TrackCollection (track_id, collection_id)
VALUES (1, 3);

INSERT INTO TrackCollection (track_id, collection_id)
VALUES (1, 4);

INSERT INTO TrackCollection (track_id, collection_id)
VALUES (1, 5);

INSERT INTO TrackCollection (track_id, collection_id)
VALUES (1, 6);

INSERT INTO TrackCollection (track_id, collection_id)
VALUES (1, 7);

INSERT INTO TrackCollection (track_id, collection_id)
VALUES (1, 8);


INSERT INTO TrackCollection (track_id, collection_id)
VALUES (2, 1);

INSERT INTO TrackCollection (track_id, collection_id)
VALUES (2, 2);

INSERT INTO TrackCollection (track_id, collection_id)
VALUES (2, 3);

INSERT INTO TrackCollection (track_id, collection_id)
VALUES (2, 4);

INSERT INTO TrackCollection (track_id, collection_id)
VALUES (2, 5);

INSERT INTO TrackCollection (track_id, collection_id)
VALUES (2, 6);

INSERT INTO TrackCollection (track_id, collection_id)
VALUES (2, 7);

INSERT INTO TrackCollection (track_id, collection_id)
VALUES (2, 8);


INSERT INTO TrackCollection (track_id, collection_id)
VALUES (3, 1);

INSERT INTO TrackCollection (track_id, collection_id)
VALUES (3, 2);

INSERT INTO TrackCollection (track_id, collection_id)
VALUES (3, 3);

INSERT INTO TrackCollection (track_id, collection_id)
VALUES (3, 4);

INSERT INTO TrackCollection (track_id, collection_id)
VALUES (3, 5);

INSERT INTO TrackCollection (track_id, collection_id)
VALUES (3, 6);

INSERT INTO TrackCollection (track_id, collection_id)
VALUES (3, 7);

INSERT INTO TrackCollection (track_id, collection_id)
VALUES (3, 8);


INSERT INTO TrackCollection (track_id, collection_id)
VALUES (4, 1);

INSERT INTO TrackCollection (track_id, collection_id)
VALUES (4, 2);

INSERT INTO TrackCollection (track_id, collection_id)
VALUES (4, 3);

INSERT INTO TrackCollection (track_id, collection_id)
VALUES (4, 4);

INSERT INTO TrackCollection (track_id, collection_id)
VALUES (4, 5);

INSERT INTO TrackCollection (track_id, collection_id)
VALUES (4, 6);

INSERT INTO TrackCollection (track_id, collection_id)
VALUES (4, 7);

INSERT INTO TrackCollection (track_id, collection_id)
VALUES (4, 8);


INSERT INTO TrackCollection (track_id, collection_id)
VALUES (5, 1);

INSERT INTO TrackCollection (track_id, collection_id)
VALUES (5, 2);

INSERT INTO TrackCollection (track_id, collection_id)
VALUES (5, 3);

INSERT INTO TrackCollection (track_id, collection_id)
VALUES (5, 4);

INSERT INTO TrackCollection (track_id, collection_id)
VALUES (5, 5);

INSERT INTO TrackCollection (track_id, collection_id)
VALUES (5, 6);

INSERT INTO TrackCollection (track_id, collection_id)
VALUES (5, 7);

INSERT INTO TrackCollection (track_id, collection_id)
VALUES (5, 8);


INSERT INTO TrackCollection (track_id, collection_id)
VALUES (6, 1);

INSERT INTO TrackCollection (track_id, collection_id)
VALUES (6, 2);

INSERT INTO TrackCollection (track_id, collection_id)
VALUES (6, 3);

INSERT INTO TrackCollection (track_id, collection_id)
VALUES (6, 4);

INSERT INTO TrackCollection (track_id, collection_id)
VALUES (6, 5);

INSERT INTO TrackCollection (track_id, collection_id)
VALUES (6, 6);

INSERT INTO TrackCollection (track_id, collection_id)
VALUES (6, 7);

INSERT INTO TrackCollection (track_id, collection_id)
VALUES (6, 8);


INSERT INTO TrackCollection (track_id, collection_id)
VALUES (7, 1);

INSERT INTO TrackCollection (track_id, collection_id)
VALUES (7, 2);

INSERT INTO TrackCollection (track_id, collection_id)
VALUES (7, 3);

INSERT INTO TrackCollection (track_id, collection_id)
VALUES (7, 4);

INSERT INTO TrackCollection (track_id, collection_id)
VALUES (7, 5);

INSERT INTO TrackCollection (track_id, collection_id)
VALUES (7, 6);

INSERT INTO TrackCollection (track_id, collection_id)
VALUES (7, 7);

INSERT INTO TrackCollection (track_id, collection_id)
VALUES (7, 8);


INSERT INTO TrackCollection (track_id, collection_id)
VALUES (8, 1);

INSERT INTO TrackCollection (track_id, collection_id)
VALUES (8, 2);

INSERT INTO TrackCollection (track_id, collection_id)
VALUES (8, 3);

INSERT INTO TrackCollection (track_id, collection_id)
VALUES (8, 4);

INSERT INTO TrackCollection (track_id, collection_id)
VALUES (8, 5);

INSERT INTO TrackCollection (track_id, collection_id)
VALUES (8, 6);

INSERT INTO TrackCollection (track_id, collection_id)
VALUES (8, 7);

INSERT INTO TrackCollection (track_id, collection_id)
VALUES (8, 8);


INSERT INTO TrackCollection (track_id, collection_id)
VALUES (9, 1);

INSERT INTO TrackCollection (track_id, collection_id)
VALUES (9, 2);

INSERT INTO TrackCollection (track_id, collection_id)
VALUES (9, 3);

INSERT INTO TrackCollection (track_id, collection_id)
VALUES (9, 4);

INSERT INTO TrackCollection (track_id, collection_id)
VALUES (9, 5);

INSERT INTO TrackCollection (track_id, collection_id)
VALUES (9, 6);

INSERT INTO TrackCollection (track_id, collection_id)
VALUES (9, 7);

INSERT INTO TrackCollection (track_id, collection_id)
VALUES (9, 8);


INSERT INTO TrackCollection (track_id, collection_id)
VALUES (10, 1);

INSERT INTO TrackCollection (track_id, collection_id)
VALUES (10, 2);

INSERT INTO TrackCollection (track_id, collection_id)
VALUES (10, 3);

INSERT INTO TrackCollection (track_id, collection_id)
VALUES (10, 4);

INSERT INTO TrackCollection (track_id, collection_id)
VALUES (10, 5);

INSERT INTO TrackCollection (track_id, collection_id)
VALUES (10, 6);

INSERT INTO TrackCollection (track_id, collection_id)
VALUES (10, 7);

INSERT INTO TrackCollection (track_id, collection_id)
VALUES (10, 8);


INSERT INTO TrackCollection (track_id, collection_id)
VALUES (11, 1);

INSERT INTO TrackCollection (track_id, collection_id)
VALUES (11, 2);

INSERT INTO TrackCollection (track_id, collection_id)
VALUES (11, 3);

INSERT INTO TrackCollection (track_id, collection_id)
VALUES (11, 4);

INSERT INTO TrackCollection (track_id, collection_id)
VALUES (11, 5);

INSERT INTO TrackCollection (track_id, collection_id)
VALUES (11, 6);

INSERT INTO TrackCollection (track_id, collection_id)
VALUES (11, 7);

INSERT INTO TrackCollection (track_id, collection_id)
VALUES (11, 8);


INSERT INTO TrackCollection (track_id, collection_id)
VALUES (12, 1);

INSERT INTO TrackCollection (track_id, collection_id)
VALUES (12, 2);

INSERT INTO TrackCollection (track_id, collection_id)
VALUES (12, 3);

INSERT INTO TrackCollection (track_id, collection_id)
VALUES (12, 4);

INSERT INTO TrackCollection (track_id, collection_id)
VALUES (12, 5);

INSERT INTO TrackCollection (track_id, collection_id)
VALUES (12, 6);

INSERT INTO TrackCollection (track_id, collection_id)
VALUES (12, 7);

INSERT INTO TrackCollection (track_id, collection_id)
VALUES (12, 8);


INSERT INTO TrackCollection (track_id, collection_id)
VALUES (13, 1);

INSERT INTO TrackCollection (track_id, collection_id)
VALUES (13, 2);

INSERT INTO TrackCollection (track_id, collection_id)
VALUES (13, 3);

INSERT INTO TrackCollection (track_id, collection_id)
VALUES (13, 4);

INSERT INTO TrackCollection (track_id, collection_id)
VALUES (13, 5);

INSERT INTO TrackCollection (track_id, collection_id)
VALUES (13, 6);

INSERT INTO TrackCollection (track_id, collection_id)
VALUES (13, 7);

INSERT INTO TrackCollection (track_id, collection_id)
VALUES (13, 8);


INSERT INTO TrackCollection (track_id, collection_id)
VALUES (14, 1);

INSERT INTO TrackCollection (track_id, collection_id)
VALUES (14, 2);

INSERT INTO TrackCollection (track_id, collection_id)
VALUES (14, 3);

INSERT INTO TrackCollection (track_id, collection_id)
VALUES (14, 4);

INSERT INTO TrackCollection (track_id, collection_id)
VALUES (14, 5);

INSERT INTO TrackCollection (track_id, collection_id)
VALUES (14, 6);

INSERT INTO TrackCollection (track_id, collection_id)
VALUES (14, 7);

INSERT INTO TrackCollection (track_id, collection_id)
VALUES (14, 8);


INSERT INTO TrackCollection (track_id, collection_id)
VALUES (15, 1);

INSERT INTO TrackCollection (track_id, collection_id)
VALUES (15, 2);

INSERT INTO TrackCollection (track_id, collection_id)
VALUES (15, 3);

INSERT INTO TrackCollection (track_id, collection_id)
VALUES (15, 4);

INSERT INTO TrackCollection (track_id, collection_id)
VALUES (15, 5);

INSERT INTO TrackCollection (track_id, collection_id)
VALUES (15, 6);

INSERT INTO TrackCollection (track_id, collection_id)
VALUES (15, 7);

INSERT INTO TrackCollection (track_id, collection_id)
VALUES (15, 8);


INSERT INTO TrackCollection (track_id, collection_id)
VALUES (16, 1);

INSERT INTO TrackCollection (track_id, collection_id)
VALUES (16, 2);

INSERT INTO TrackCollection (track_id, collection_id)
VALUES (16, 3);

INSERT INTO TrackCollection (track_id, collection_id)
VALUES (16, 4);

INSERT INTO TrackCollection (track_id, collection_id)
VALUES (16, 5);

INSERT INTO TrackCollection (track_id, collection_id)
VALUES (16, 6);

INSERT INTO TrackCollection (track_id, collection_id)
VALUES (16, 7);

INSERT INTO TrackCollection (track_id, collection_id)
VALUES (16, 8);




--SingerAlbum
INSERT INTO SingerAlbum (singer_id, album_id)
VALUES (1, 1);

INSERT INTO SingerAlbum (singer_id, album_id)
VALUES (1, 2);

INSERT INTO SingerAlbum (singer_id, album_id)
VALUES (1, 3);

INSERT INTO SingerAlbum (singer_id, album_id)
VALUES (1, 4);

INSERT INTO SingerAlbum (singer_id, album_id)
VALUES (1, 5);

INSERT INTO SingerAlbum (singer_id, album_id)
VALUES (1, 6);

INSERT INTO SingerAlbum (singer_id, album_id)
VALUES (1, 7);

INSERT INTO SingerAlbum (singer_id, album_id)
VALUES (1, 8);


INSERT INTO SingerAlbum (singer_id, album_id)
VALUES (2, 1);

INSERT INTO SingerAlbum (singer_id, album_id)
VALUES (2, 2);

INSERT INTO SingerAlbum (singer_id, album_id)
VALUES (2, 3);

INSERT INTO SingerAlbum (singer_id, album_id)
VALUES (2, 4);

INSERT INTO SingerAlbum (singer_id, album_id)
VALUES (2, 5);

INSERT INTO SingerAlbum (singer_id, album_id)
VALUES (2, 6);

INSERT INTO SingerAlbum (singer_id, album_id)
VALUES (2, 7);

INSERT INTO SingerAlbum (singer_id, album_id)
VALUES (2, 8);


INSERT INTO SingerAlbum (singer_id, album_id)
VALUES (3, 1);

INSERT INTO SingerAlbum (singer_id, album_id)
VALUES (3, 2);

INSERT INTO SingerAlbum (singer_id, album_id)
VALUES (3, 3);

INSERT INTO SingerAlbum (singer_id, album_id)
VALUES (3, 4);

INSERT INTO SingerAlbum (singer_id, album_id)
VALUES (3, 5);

INSERT INTO SingerAlbum (singer_id, album_id)
VALUES (3, 6);

INSERT INTO SingerAlbum (singer_id, album_id)
VALUES (3, 7);

INSERT INTO SingerAlbum (singer_id, album_id)
VALUES (3, 8);


INSERT INTO SingerAlbum (singer_id, album_id)
VALUES (4, 1);

INSERT INTO SingerAlbum (singer_id, album_id)
VALUES (4, 2);

INSERT INTO SingerAlbum (singer_id, album_id)
VALUES (4, 3);

INSERT INTO SingerAlbum (singer_id, album_id)
VALUES (4, 4);

INSERT INTO SingerAlbum (singer_id, album_id)
VALUES (4, 5);

INSERT INTO SingerAlbum (singer_id, album_id)
VALUES (4, 6);

INSERT INTO SingerAlbum (singer_id, album_id)
VALUES (4, 7);

INSERT INTO SingerAlbum (singer_id, album_id)
VALUES (4, 8);


INSERT INTO SingerAlbum (singer_id, album_id)
VALUES (5, 1);

INSERT INTO SingerAlbum (singer_id, album_id)
VALUES (5, 2);

INSERT INTO SingerAlbum (singer_id, album_id)
VALUES (5, 3);

INSERT INTO SingerAlbum (singer_id, album_id)
VALUES (5, 4);

INSERT INTO SingerAlbum (singer_id, album_id)
VALUES (5, 5);

INSERT INTO SingerAlbum (singer_id, album_id)
VALUES (5, 6);

INSERT INTO SingerAlbum (singer_id, album_id)
VALUES (5, 7);

INSERT INTO SingerAlbum (singer_id, album_id)
VALUES (5, 8);


INSERT INTO SingerAlbum (singer_id, album_id)
VALUES (6, 1);

INSERT INTO SingerAlbum (singer_id, album_id)
VALUES (6, 2);

INSERT INTO SingerAlbum (singer_id, album_id)
VALUES (6, 3);

INSERT INTO SingerAlbum (singer_id, album_id)
VALUES (6, 4);

INSERT INTO SingerAlbum (singer_id, album_id)
VALUES (6, 5);

INSERT INTO SingerAlbum (singer_id, album_id)
VALUES (6, 6);

INSERT INTO SingerAlbum (singer_id, album_id)
VALUES (6, 7);

INSERT INTO SingerAlbum (singer_id, album_id)
VALUES (6, 8);


INSERT INTO SingerAlbum (singer_id, album_id)
VALUES (7, 1);

INSERT INTO SingerAlbum (singer_id, album_id)
VALUES (7, 2);

INSERT INTO SingerAlbum (singer_id, album_id)
VALUES (7, 3);

INSERT INTO SingerAlbum (singer_id, album_id)
VALUES (7, 4);

INSERT INTO SingerAlbum (singer_id, album_id)
VALUES (7, 5);

INSERT INTO SingerAlbum (singer_id, album_id)
VALUES (7, 6);

INSERT INTO SingerAlbum (singer_id, album_id)
VALUES (7, 7);

INSERT INTO SingerAlbum (singer_id, album_id)
VALUES (7, 8);


INSERT INTO SingerAlbum (singer_id, album_id)
VALUES (8, 1);

INSERT INTO SingerAlbum (singer_id, album_id)
VALUES (8, 2);

INSERT INTO SingerAlbum (singer_id, album_id)
VALUES (8, 3);

INSERT INTO SingerAlbum (singer_id, album_id)
VALUES (8, 4);

INSERT INTO SingerAlbum (singer_id, album_id)
VALUES (8, 5);

INSERT INTO SingerAlbum (singer_id, album_id)
VALUES (8, 6);

INSERT INTO SingerAlbum (singer_id, album_id)
VALUES (8, 7);

INSERT INTO SingerAlbum (singer_id, album_id)
VALUES (8, 8);


--GenreSinger
INSERT INTO GenreSinger (genre_id, singer_id)
VALUES (1, 1);

INSERT INTO GenreSinger (genre_id, singer_id)
VALUES (1, 2);

INSERT INTO GenreSinger (genre_id, singer_id)
VALUES (1, 3);

INSERT INTO GenreSinger (genre_id, singer_id)
VALUES (1, 4);

INSERT INTO GenreSinger (genre_id, singer_id)
VALUES (1, 5);

INSERT INTO GenreSinger (genre_id, singer_id)
VALUES (1, 6);

INSERT INTO GenreSinger (genre_id, singer_id)
VALUES (1, 7);

INSERT INTO GenreSinger (genre_id, singer_id)
VALUES (1, 8);


INSERT INTO GenreSinger (genre_id, singer_id)
VALUES (2, 1);

INSERT INTO GenreSinger (genre_id, singer_id)
VALUES (2, 2);

INSERT INTO GenreSinger (genre_id, singer_id)
VALUES (2, 3);

INSERT INTO GenreSinger (genre_id, singer_id)
VALUES (2, 4);

INSERT INTO GenreSinger (genre_id, singer_id)
VALUES (2, 5);

INSERT INTO GenreSinger (genre_id, singer_id)
VALUES (2, 6);

INSERT INTO GenreSinger (genre_id, singer_id)
VALUES (2, 7);

INSERT INTO GenreSinger (genre_id, singer_id)
VALUES (2, 8);


INSERT INTO GenreSinger (genre_id, singer_id)
VALUES (3, 1);

INSERT INTO GenreSinger (genre_id, singer_id)
VALUES (3, 2);

INSERT INTO GenreSinger (genre_id, singer_id)
VALUES (3, 3);

INSERT INTO GenreSinger (genre_id, singer_id)
VALUES (3, 4);

INSERT INTO GenreSinger (genre_id, singer_id)
VALUES (3, 5);

INSERT INTO GenreSinger (genre_id, singer_id)
VALUES (3, 6);

INSERT INTO GenreSinger (genre_id, singer_id)
VALUES (3, 7);

INSERT INTO GenreSinger (genre_id, singer_id)
VALUES (3, 8);


INSERT INTO GenreSinger (genre_id, singer_id)
VALUES (4, 1);

INSERT INTO GenreSinger (genre_id, singer_id)
VALUES (4, 2);

INSERT INTO GenreSinger (genre_id, singer_id)
VALUES (4, 3);

INSERT INTO GenreSinger (genre_id, singer_id)
VALUES (4, 4);

INSERT INTO GenreSinger (genre_id, singer_id)
VALUES (4, 5);

INSERT INTO GenreSinger (genre_id, singer_id)
VALUES (4, 6);

INSERT INTO GenreSinger (genre_id, singer_id)
VALUES (4, 7);

INSERT INTO GenreSinger (genre_id, singer_id)
VALUES (4, 8);


INSERT INTO GenreSinger (genre_id, singer_id)
VALUES (5, 1);

INSERT INTO GenreSinger (genre_id, singer_id)
VALUES (5, 2);

INSERT INTO GenreSinger (genre_id, singer_id)
VALUES (5, 3);

INSERT INTO GenreSinger (genre_id, singer_id)
VALUES (5, 4);

INSERT INTO GenreSinger (genre_id, singer_id)
VALUES (5, 5);

INSERT INTO GenreSinger (genre_id, singer_id)
VALUES (5, 6);

INSERT INTO GenreSinger (genre_id, singer_id)
VALUES (5, 7);

INSERT INTO GenreSinger (genre_id, singer_id)
VALUES (5, 8);


